1,842302,M,2,1,3,1,3,1,2,2,3,1,3,3,2,2,1,2,2,2,1,3,3
2,842517,M,1,3,1,2,2,1,1,1,1,1,3,2,1,1,1,2,1,3,1,3,1
3,84300903,M,1,3,1,2,3,2,1,1,2,2,2,2,2,2,1,3,3,2,1,1,2
4,84348301,M,3,1,1,1,2,1,3,3,1,1,1,1,3,2,3,2,1,3,1,1,1
5,84358402,M,2,1,1,1,2,3,2,3,3,3,1,2,1,1,2,3,1,3,3,1,2
6,843786,M,2,3,1,3,3,1,2,3,3,2,3,2,2,3,2,2,2,3,3,2,1
7,844359,M,2,1,3,2,3,2,1,3,2,2,1,3,2,1,2,1,3,1,2,2,3
8,84458202,M,2,2,2,1,1,3,2,1,1,2,3,1,1,2,3,1,2,3,3,2,3
9,844981,M,2,2,2,2,3,1,2,2,3,3,1,1,2,1,3,1,3,2,2,2,3
10,84501001,M,3,3,2,1,3,3,2,2,2,3,1,3,2,3,2,2,2,1,1,2,2
11,845636,M,2,1,1,2,1,2,3,3,3,1,3,1,2,1,1,3,2,2,3,2,3
12,84610002,M,1,2,3,3,3,1,1,2,2,1,3,3,2,1,3,1,2,2,3,2,1
13,846226,M,3,1,1,2,2,2,1,2,2,3,3,3,1,2,3,3,2,1,1,1,1
14,846381,M,3,1,2,3,3,2,2,3,3,3,2,3,2,2,1,3,3,3,1,1,2
15,84667401,M,3,2,3,2,2,1,3,2,1,2,2,2,3,2,1,2,2,3,1,3,3
16,84799002,M,3,1,2,1,3,2,1,2,2,1,2,1,1,3,2,2,1,3,3,2,3
17,848406,M,3,2,1,2,1,3,1,1,3,2,1,3,1,2,3,1,1,3,2,3,2
18,84862001,M,3,3,1,1,2,1,1,2,2,3,3,2,2,1,2,3,3,3,2,2,2
19,849014,M,1,2,2,1,3,2,2,2,3,3,3,3,1,3,3,3,1,2,3,2,3
20,8510426,B,1,1,3,1,1,3,3,3,3,1,3,2,1,3,1,2,3,1,2,2,3
21,8510653,B,1,2,1,2,1,2,3,2,2,1,1,2,3,1,3,1,2,2,3,2,2
22,8510824,B,2,2,2,1,2,1,2,3,3,1,1,2,2,3,1,2,3,2,2,2,2
23,8511133,M,2,1,2,1,2,3,1,3,3,3,2,2,3,1,2,1,3,2,3,1,3
24,851509,M,1,3,2,3,2,2,3,1,1,1,2,1,3,3,3,1,2,2,3,1,2
25,852552,M,1,3,1,2,2,3,1,3,2,3,1,3,3,3,1,2,1,3,1,2,3
26,852631,M,1,2,2,1,1,2,1,1,2,2,1,2,2,3,3,1,2,1,2,1,3
27,852763,M,3,2,2,2,2,3,2,3,2,1,2,1,2,1,2,2,2,2,2,1,2
28,852781,M,2,2,2,3,1,2,2,2,2,2,3,2,3,3,2,3,3,3,2,2,3
29,852973,M,1,2,1,2,3,3,1,1,3,2,1,3,3,3,2,1,3,3,1,3,3
30,853201,M,1,1,3,3,3,3,2,3,2,2,1,3,3,2,1,1,1,1,2,1,3
31,853401,M,3,1,3,1,1,1,1,2,1,3,3,3,1,2,3,3,3,1,1,1,3
32,853612,M,2,3,2,2,1,3,3,2,1,1,3,1,3,3,2,1,1,1,2,3,3
33,85382601,M,3,2,2,2,2,3,3,2,3,2,3,2,1,3,2,3,1,3,3,1,2
34,854002,M,3,2,2,3,1,3,1,2,1,1,1,3,2,2,2,3,1,2,3,3,2
35,854039,M,2,2,1,1,1,1,2,1,2,3,3,3,1,2,1,2,2,1,1,3,2
36,854253,M,3,1,2,1,3,3,3,2,3,1,1,3,3,1,3,3,2,2,2,2,3
37,854268,M,2,2,1,3,2,3,2,2,2,1,3,2,1,2,1,1,3,3,3,2,2
38,854941,B,2,3,2,2,3,3,3,3,1,2,3,3,3,1,1,2,2,1,1,2,3
39,855133,M,1,2,1,1,1,3,2,3,1,2,2,2,2,2,3,2,3,3,3,3,2
40,855138,M,2,2,1,2,2,3,3,3,3,1,3,3,1,2,3,2,1,2,2,2,3
41,855167,M,1,2,2,2,1,3,1,2,3,1,2,3,2,1,3,1,2,1,2,2,2
42,855563,M,3,1,2,2,3,1,1,3,3,2,1,3,3,1,1,1,2,3,3,1,1
43,855625,M,1,1,3,2,2,1,3,2,1,3,2,1,3,2,2,2,2,2,3,2,2
44,856106,M,2,2,2,1,2,3,1,3,2,2,2,3,1,3,1,1,2,2,1,1,1
45,85638502,M,3,1,2,2,2,1,2,3,1,2,3,1,2,2,1,2,1,1,3,3,2
46,857010,M,2,3,2,2,2,3,2,2,3,1,2,3,2,1,1,2,2,3,2,2,3
47,85713702,B,3,3,1,3,2,1,2,1,1,1,2,3,3,2,2,3,2,3,1,2,2
48,85715,M,2,1,1,2,2,2,3,2,3,1,2,1,2,3,1,1,1,2,2,1,3
49,857155,B,2,2,3,2,1,2,2,2,1,3,3,1,3,1,3,2,1,3,1,2,3
50,857156,B,1,1,1,2,1,1,1,2,2,1,1,2,1,2,3,1,2,1,3,1,2
51,857343,B,2,2,2,3,1,1,2,2,2,1,3,1,2,1,2,1,2,1,1,2,1
52,857373,B,3,2,3,2,2,3,1,2,2,1,2,3,2,2,3,1,1,3,3,1,2
53,857374,B,2,3,1,2,3,3,2,3,3,3,2,1,1,3,3,3,1,2,1,2,2
54,857392,M,1,3,1,1,3,1,2,2,3,3,2,3,1,1,3,2,2,3,2,3,1
55,857438,M,3,2,1,3,1,1,2,2,1,3,2,2,1,3,2,2,3,2,3,3,2
56,85759902,B,2,2,3,3,3,1,3,2,1,2,1,3,1,3,3,1,1,1,1,2,1
57,857637,M,2,2,1,3,2,2,2,1,1,2,3,3,3,3,2,1,2,3,1,3,2
58,857793,M,1,1,3,2,2,3,3,2,2,2,3,1,1,2,3,2,2,3,2,3,3
59,857810,B,3,3,2,2,3,3,2,3,1,3,3,1,3,3,3,1,1,1,2,1,3
60,858477,B,3,2,3,1,2,3,3,3,3,1,2,3,2,1,1,1,2,1,3,2,3
61,858970,B,2,3,3,2,1,2,3,1,2,3,3,2,1,3,1,2,1,1,3,3,1
62,858981,B,2,1,1,3,3,2,3,3,3,3,3,1,2,1,1,1,3,1,1,1,2
63,858986,M,1,1,1,1,2,1,3,3,1,1,1,1,2,2,3,2,2,2,3,1,2
64,859196,B,1,1,3,3,2,2,3,2,2,2,2,2,1,2,2,3,1,3,2,3,3
65,85922302,M,3,1,2,2,1,2,2,3,1,3,1,3,3,2,1,3,3,1,2,3,2
66,859283,M,1,2,3,3,3,2,3,2,3,1,2,3,2,1,1,3,2,1,1,3,1
67,859464,B,1,3,3,3,2,1,1,2,1,1,2,2,2,2,1,1,3,3,1,3,2
68,859465,B,1,2,1,2,3,3,3,1,3,2,2,2,1,1,1,2,2,3,3,1,3
69,859471,B,3,1,2,2,3,3,3,2,3,3,3,1,1,2,2,1,3,3,2,2,2
70,859487,B,2,3,3,2,2,1,1,1,2,2,2,1,1,1,3,2,1,1,3,3,3
71,859575,M,1,2,1,2,1,1,2,3,2,3,2,3,3,2,3,3,2,2,1,3,1
72,859711,B,1,2,1,1,2,3,1,3,2,3,1,2,3,3,1,1,3,1,1,1,3
73,859717,M,3,1,2,1,2,2,1,1,2,1,2,1,3,3,1,3,3,1,3,2,3
74,859983,M,3,2,3,3,1,1,3,3,1,2,3,3,1,2,2,3,1,1,3,2,3
75,8610175,B,1,1,1,3,3,2,1,1,2,3,1,3,1,3,2,2,1,3,1,2,1
76,8610404,M,3,3,3,3,3,1,2,2,2,2,3,3,2,2,2,3,3,2,3,1,2
77,8610629,B,2,3,3,3,3,2,2,1,3,1,2,2,2,2,1,3,1,2,1,2,2
78,8610637,M,2,3,1,1,1,2,2,3,1,2,1,3,2,3,3,2,2,3,3,2,1
79,8610862,M,1,2,1,1,2,3,3,2,2,3,3,1,1,3,3,3,3,3,3,2,3
80,8610908,B,2,3,3,2,2,2,3,1,2,1,3,1,2,3,3,2,2,1,2,2,3
81,861103,B,1,1,2,3,1,2,1,1,1,3,3,2,2,3,2,3,3,2,2,3,3
82,8611161,B,1,3,3,3,3,2,3,3,2,3,2,2,1,2,3,3,2,3,3,2,3
83,8611555,M,1,1,2,2,2,3,1,3,3,2,2,3,2,2,3,2,1,2,3,3,2
84,8611792,M,3,3,3,2,1,1,1,2,3,2,2,2,2,2,3,2,2,2,2,1,2
85,8612080,B,2,2,3,2,1,2,1,3,3,1,1,3,3,1,2,1,3,3,1,3,1
86,8612399,M,1,3,2,3,1,2,1,3,3,3,3,2,2,2,3,1,2,3,1,3,2
87,86135501,M,1,1,1,3,2,2,2,1,3,3,1,3,1,1,3,1,3,2,1,3,2
88,86135502,M,1,1,1,1,2,3,2,2,1,2,1,3,2,1,3,3,3,3,1,2,3
89,861597,B,2,2,3,1,3,3,2,3,2,1,1,1,3,2,1,2,3,3,2,1,3
90,861598,B,1,1,1,2,1,1,1,1,3,3,1,2,1,3,2,2,2,3,2,3,2
91,861648,B,3,2,3,1,3,1,3,3,1,2,2,3,2,1,3,3,2,1,3,2,1
92,861799,M,1,2,1,3,1,1,1,2,2,3,3,3,2,3,1,3,3,1,1,2,1
93,861853,B,1,3,1,3,2,3,3,1,1,2,3,3,3,3,2,1,1,3,3,2,3
94,862009,B,2,2,2,1,3,1,2,2,1,1,2,2,3,1,2,3,3,2,1,1,3
95,862028,M,3,1,2,1,2,2,1,1,3,3,1,2,1,3,2,3,3,1,1,1,3
96,86208,M,2,2,3,3,1,3,2,1,2,1,3,1,1,2,1,3,1,1,3,1,3
97,86211,B,1,1,2,2,1,2,1,2,1,3,2,3,2,1,2,1,1,2,3,3,1
98,862261,B,2,1,1,2,1,3,3,1,3,2,3,2,1,3,2,2,2,2,1,2,3
99,862485,B,2,1,2,2,2,3,2,2,1,2,3,1,3,1,2,3,3,1,2,2,1
100,862548,M,1,2,2,3,3,3,1,3,3,3,3,1,3,2,2,1,1,3,1,2,1
101,862717,M,1,1,1,1,3,3,1,1,3,3,3,3,1,3,3,1,2,2,1,1,1
102,862722,B,3,3,2,2,1,1,2,1,2,2,2,3,3,2,2,3,1,3,1,1,1
103,862965,B,3,2,1,1,3,1,3,3,2,3,2,3,1,1,3,1,1,2,3,3,2
104,862980,B,3,2,1,2,3,3,1,2,1,2,3,3,2,3,3,3,3,2,3,2,1
105,862989,B,2,3,1,1,2,3,3,2,2,1,3,3,1,1,1,1,1,1,1,3,1
106,863030,M,3,1,3,3,3,3,1,3,3,1,3,3,3,3,2,3,1,2,1,1,3
107,863031,B,2,2,3,3,1,3,1,1,1,1,3,3,1,3,1,1,1,1,3,3,1
108,863270,B,2,2,3,2,1,1,3,2,2,2,2,1,2,1,3,1,2,1,3,3,3
109,86355,M,3,2,3,1,3,1,3,3,1,3,2,1,3,3,3,2,1,3,1,2,2
110,864018,B,3,1,2,3,1,2,2,3,2,3,2,3,3,3,1,3,3,2,2,2,2
111,864033,B,2,1,1,3,2,1,3,3,1,3,3,3,1,3,3,1,2,2,2,3,1
112,86408,B,1,3,1,1,2,2,2,3,2,1,3,1,2,3,2,3,2,2,3,3,3
113,86409,B,3,1,2,3,1,2,3,1,1,2,2,1,1,3,1,2,3,1,3,3,1
114,864292,B,2,1,3,1,2,3,2,3,1,2,2,1,2,2,1,3,2,3,1,1,3
115,864496,B,1,3,2,1,3,2,1,2,3,3,1,3,3,1,1,1,2,1,3,2,3
116,864685,B,1,1,1,2,3,2,3,3,3,2,3,2,1,1,1,3,1,3,1,3,1
117,864726,B,3,3,2,3,2,1,2,2,1,2,3,1,1,3,1,2,1,1,1,2,1
118,864729,M,2,1,1,1,3,3,3,1,3,2,3,2,1,1,1,2,1,1,1,3,1
119,864877,M,3,3,3,2,1,1,1,1,3,1,3,3,2,2,3,3,1,3,3,1,2
120,865128,M,2,3,3,1,1,1,2,3,1,3,2,2,2,2,1,2,1,2,1,1,3
121,865137,B,2,1,1,1,1,3,1,3,1,1,2,3,3,2,1,2,3,3,1,3,3
122,86517,M,3,3,2,3,2,2,3,2,3,2,1,1,3,3,1,2,3,1,2,2,3
123,865423,M,1,1,2,1,1,2,2,1,1,3,2,3,2,1,2,2,2,2,2,3,1
124,865432,B,3,2,3,1,1,1,3,1,2,1,1,2,3,3,1,2,1,2,2,1,3
125,865468,B,2,2,2,3,1,1,2,1,2,2,3,1,1,1,1,2,2,2,2,2,2
126,86561,B,3,2,2,2,3,3,3,2,2,1,3,1,2,1,2,2,3,3,2,3,3
127,866083,M,1,2,3,2,2,1,3,2,1,3,2,2,3,1,3,1,3,3,3,1,1
128,866203,M,1,1,2,3,2,2,3,1,2,1,3,2,3,1,3,3,3,3,1,1,1
129,866458,B,3,1,3,2,1,2,2,1,1,1,1,2,1,1,3,1,1,1,3,2,1
130,866674,M,1,1,1,1,1,3,1,2,1,3,1,3,1,3,2,3,2,1,2,3,1
131,866714,B,3,3,1,3,1,3,1,3,1,3,2,2,3,3,3,3,2,2,3,3,2
132,8670,M,2,2,3,3,3,2,3,2,3,1,1,1,3,2,2,3,3,1,2,3,3
133,86730502,M,2,2,3,2,2,1,2,1,1,1,1,3,3,1,3,3,1,2,1,3,3
134,867387,B,2,2,3,2,2,2,3,3,2,1,3,3,3,2,1,2,1,1,3,3,2
135,867739,M,1,2,2,1,2,3,2,1,3,1,2,1,1,2,1,2,1,3,1,2,3
136,868202,M,2,3,3,3,3,3,2,1,3,1,2,3,1,2,3,1,3,3,3,2,3
137,868223,B,3,3,2,3,2,1,2,3,3,1,1,2,1,1,3,3,1,3,1,1,2
138,868682,B,2,2,1,2,1,2,2,2,3,3,1,3,3,3,1,2,3,1,3,1,1
139,868826,M,2,2,2,1,1,3,2,1,2,2,1,1,2,1,1,2,1,2,2,3,1
140,868871,B,1,1,2,1,1,3,1,1,2,3,3,3,3,3,1,3,2,2,2,3,1
141,868999,B,3,2,3,3,2,2,3,3,2,2,1,1,1,3,1,2,3,3,2,3,1
142,869104,M,3,3,3,2,3,3,3,2,2,2,2,1,1,3,3,2,1,3,1,3,3
143,869218,B,1,2,1,2,1,1,1,1,1,3,1,2,3,2,2,1,1,2,1,3,1
144,869224,B,1,1,2,2,3,2,3,2,3,1,2,1,1,1,3,1,1,1,3,1,2
145,869254,B,2,2,2,3,1,1,1,2,2,2,2,2,1,2,1,1,1,2,1,2,1
146,869476,B,3,3,1,3,1,2,2,3,1,2,3,1,2,2,1,1,1,1,2,2,3
147,869691,M,3,3,2,3,1,3,1,3,3,3,1,3,1,2,3,1,1,2,3,1,3
148,86973701,B,3,3,3,3,1,3,2,2,3,3,3,2,1,1,1,2,3,2,3,2,1
149,86973702,B,3,3,2,1,1,1,2,2,2,3,2,2,3,1,2,3,2,3,1,2,1
150,869931,B,3,3,3,1,1,3,1,2,1,2,2,1,1,3,1,3,3,1,1,2,2
151,871001501,B,2,1,1,2,2,1,1,3,2,2,1,2,3,1,3,3,3,2,2,3,1
152,871001502,B,2,2,3,3,1,2,1,2,2,2,1,2,3,1,1,1,1,3,1,1,3
153,8710441,B,2,1,1,3,1,3,3,2,3,3,2,3,3,3,3,2,3,2,1,3,3
154,87106,B,1,1,2,3,2,2,3,3,3,3,3,1,1,1,1,2,2,2,1,3,3
155,8711002,B,2,1,2,1,2,3,2,2,3,3,3,2,3,1,1,2,1,2,2,2,1
156,8711003,B,3,3,2,1,3,1,3,2,1,2,3,2,2,3,1,2,3,1,2,3,2
157,8711202,M,3,3,1,1,2,3,1,3,1,3,2,2,2,1,3,3,3,3,3,1,3
158,8711216,B,1,3,2,2,2,2,3,3,3,2,2,2,2,1,3,3,2,3,3,3,1
159,871122,B,1,3,2,1,3,3,3,1,2,3,2,3,3,2,2,3,3,1,1,3,2
160,871149,B,1,2,3,2,3,3,2,3,3,2,3,2,2,2,3,3,3,2,1,3,2
161,8711561,B,1,3,2,3,1,3,3,1,1,1,2,1,2,3,2,3,1,1,3,3,3
162,8711803,M,3,1,1,2,2,2,3,2,1,1,1,1,1,2,3,3,1,1,2,1,3
163,871201,M,3,1,3,1,2,1,3,3,1,1,1,2,1,2,1,2,1,3,2,3,1
164,8712064,B,2,3,1,1,3,3,3,2,1,2,1,1,3,1,3,2,3,3,2,3,1
165,8712289,M,2,2,1,1,3,1,1,1,3,3,1,1,3,1,1,1,3,2,2,3,2
166,8712291,B,1,1,1,1,3,1,1,2,3,1,3,1,3,3,3,2,3,2,2,3,1
167,87127,B,2,3,2,3,2,2,3,1,1,1,1,1,3,3,1,2,1,3,1,3,3
168,8712729,M,3,1,1,1,1,3,1,2,1,1,2,2,1,1,3,1,1,2,3,3,1
169,8712766,M,3,1,2,1,1,3,1,3,3,3,3,3,2,1,3,3,3,3,3,2,1
170,8712853,B,1,1,3,3,3,2,2,3,2,3,2,3,3,3,2,3,2,3,2,1,3
171,87139402,B,2,3,2,2,2,1,2,3,2,2,1,3,1,2,2,1,2,3,1,2,1
172,87163,M,1,2,3,1,2,1,1,1,3,2,1,1,1,3,2,2,3,1,2,3,1
173,87164,M,3,3,3,2,1,2,3,3,1,2,2,2,2,1,1,2,3,3,2,1,2
174,871641,B,3,1,2,1,2,2,3,2,1,2,3,3,2,3,1,1,3,3,1,2,1
175,871642,B,1,3,2,3,2,2,3,2,2,2,2,3,1,2,2,1,2,1,1,3,1
176,872113,B,2,2,2,3,2,2,2,2,3,1,1,1,1,3,2,3,3,2,3,1,1
177,872608,B,2,2,2,3,1,2,2,2,3,1,2,2,2,3,3,3,3,1,1,3,1
178,87281702,M,1,2,2,2,2,3,1,3,1,1,3,2,1,1,2,1,1,2,1,3,1
179,873357,B,3,3,2,2,3,1,2,1,3,3,3,2,2,1,1,3,1,1,2,3,1
180,873586,B,1,3,3,3,1,1,1,1,3,3,3,1,2,3,3,1,1,3,1,2,3
181,873592,M,2,3,3,1,1,3,2,2,1,3,2,3,2,2,1,2,1,3,1,2,3
182,873593,M,1,1,2,1,3,2,3,2,1,2,1,3,2,1,3,1,3,3,2,1,2
183,873701,M,3,2,3,1,1,1,2,2,2,1,3,2,2,2,3,2,3,2,2,3,3
184,873843,B,2,3,3,3,2,2,2,3,2,3,2,2,3,1,2,2,3,1,3,1,2
185,873885,M,1,2,3,1,3,2,2,1,2,1,1,3,3,2,3,2,3,3,2,1,2
186,874158,B,2,3,2,1,2,3,3,1,1,1,1,3,3,3,3,3,1,3,2,2,2
187,874217,M,3,2,2,2,2,3,1,3,2,3,1,1,1,3,1,3,1,2,3,1,2
188,874373,B,1,1,2,1,1,1,3,3,2,1,3,1,1,1,1,3,2,3,3,3,2
189,874662,B,3,3,1,3,3,1,2,1,3,1,2,3,1,1,3,1,1,2,2,1,1
190,874839,B,3,3,2,1,1,1,2,1,2,2,3,2,2,1,2,2,1,3,3,3,1
191,874858,M,1,3,1,1,3,2,1,1,2,1,3,2,2,2,3,3,2,1,2,1,3
192,875093,B,3,3,2,1,1,3,3,2,1,1,3,2,1,1,3,1,3,2,3,2,2
193,875099,B,1,2,1,3,2,3,1,1,3,2,1,3,2,3,3,2,2,3,3,2,2
194,875263,M,2,3,3,3,3,3,3,2,1,1,1,2,2,3,1,3,1,2,1,2,2
195,87556202,M,3,3,3,1,3,2,2,3,2,2,3,1,1,3,2,3,1,1,1,1,1
196,875878,B,1,2,2,2,2,2,3,2,1,3,2,2,1,1,1,2,1,3,1,2,3
197,875938,M,3,2,3,3,1,2,1,3,2,3,3,3,1,2,3,2,3,3,1,2,2
198,877159,M,1,2,1,1,1,2,1,3,3,3,3,1,3,1,1,1,3,2,2,3,2
199,877486,M,3,1,1,2,2,1,2,2,2,2,3,3,2,3,3,1,3,3,3,1,3
200,877500,M,1,2,3,1,1,1,1,1,2,3,1,1,1,3,3,1,2,3,1,3,2
201,877501,B,2,2,3,3,3,3,3,2,1,3,3,2,3,3,3,3,3,1,1,2,1
202,877989,M,1,3,1,1,3,2,3,3,1,3,3,2,1,2,3,2,2,3,1,1,1
203,878796,M,3,1,3,2,2,2,3,3,2,2,1,3,3,1,1,2,1,2,2,2,2
204,87880,M,1,2,2,2,1,2,3,2,1,2,3,3,1,2,3,1,2,3,1,2,2
205,87930,B,1,2,3,2,1,2,2,2,1,1,1,2,2,1,3,3,3,1,2,3,3
206,879523,M,3,2,1,1,3,2,2,3,3,1,2,1,1,1,1,3,1,2,2,1,1
207,879804,B,2,1,1,2,1,1,2,2,1,3,2,1,3,2,2,3,1,3,3,2,1
208,879830,M,2,1,3,2,3,3,3,2,1,1,1,1,3,2,2,1,1,1,2,1,3
209,8810158,B,1,3,3,3,1,3,2,2,2,3,1,3,3,2,2,2,2,3,1,2,3
210,8810436,B,3,2,3,1,1,3,2,1,3,3,1,3,3,3,2,3,3,3,1,1,2
211,881046502,M,3,1,2,1,3,3,2,2,2,3,2,1,1,3,2,3,1,3,3,2,3
212,8810528,B,1,2,3,2,1,3,1,1,1,2,3,2,3,3,2,3,2,3,1,1,3
213,8810703,M,2,1,3,1,3,2,3,2,1,1,2,2,2,1,2,2,2,3,2,1,1
214,881094802,M,1,1,1,1,3,3,3,1,2,1,2,1,1,2,3,1,3,3,1,3,1
215,8810955,M,2,1,3,1,1,3,1,1,2,1,3,1,3,3,2,1,1,1,3,2,1
216,8810987,M,2,3,2,2,3,2,3,3,1,1,1,1,2,3,2,2,2,2,3,2,3
217,8811523,B,3,3,1,1,2,2,3,1,1,3,1,3,1,2,3,2,1,1,3,3,3
218,8811779,B,1,1,1,1,2,2,2,1,1,3,2,3,3,1,2,3,3,2,1,1,1
219,8811842,M,3,1,2,3,2,2,2,1,3,3,2,1,1,1,3,3,3,1,2,2,2
220,88119002,M,2,3,2,1,3,2,1,2,2,1,1,1,1,3,1,3,2,1,2,3,2
221,8812816,B,3,3,1,2,3,1,2,2,2,2,2,1,2,2,1,2,3,1,1,2,1
222,8812818,B,3,1,3,3,2,1,1,1,3,3,3,2,3,1,1,3,2,2,3,2,1
223,8812844,B,3,2,2,1,2,1,2,1,1,2,2,2,1,2,1,2,1,1,1,2,3
224,8812877,M,2,3,2,3,2,2,2,3,3,1,3,1,3,1,1,3,2,1,2,2,1
225,8813129,B,2,2,3,1,3,1,1,2,3,3,1,2,2,3,2,3,2,2,2,1,2
226,88143502,B,3,3,1,1,3,2,1,3,2,2,1,1,1,1,2,3,2,2,1,1,2
227,88147101,B,3,2,1,3,1,3,3,1,3,2,2,2,1,2,2,2,2,3,1,2,3
228,88147102,B,3,1,1,3,2,2,2,1,2,1,3,3,2,1,1,1,2,3,1,1,1
229,88147202,B,1,1,3,1,3,3,2,2,3,1,1,1,2,1,3,1,3,3,2,3,3
230,881861,M,3,2,2,3,3,1,3,1,2,3,1,2,3,3,2,3,3,1,3,3,3
231,881972,M,1,3,2,3,2,2,2,2,1,3,2,2,1,3,2,2,3,3,1,2,1
232,88199202,B,3,2,2,3,1,2,3,1,2,3,1,3,2,3,1,2,2,3,3,2,1
233,88203002,B,1,1,3,2,3,1,2,2,3,2,2,1,3,2,3,2,3,2,3,1,3
234,88206102,M,1,3,1,1,2,2,2,2,1,3,1,1,3,3,2,3,1,3,3,1,3
235,882488,B,2,1,2,3,3,2,3,1,3,3,1,1,2,3,3,2,1,1,3,2,3
236,88249602,B,3,3,3,3,3,3,2,2,3,3,3,2,3,2,3,1,2,2,3,2,1
237,88299702,M,3,3,3,1,3,3,3,2,1,1,2,1,2,3,3,3,3,1,3,3,3
238,883263,M,2,1,1,3,1,3,1,2,3,3,1,3,2,2,3,1,2,3,3,3,3
239,883270,B,2,1,2,2,1,2,3,3,3,2,1,1,1,3,1,1,1,2,1,2,3
240,88330202,M,1,3,1,3,3,3,2,1,2,3,1,3,3,1,1,3,1,2,1,2,1
241,88350402,B,3,3,1,1,2,3,1,2,2,1,2,3,3,1,1,3,2,3,1,3,2
242,883539,B,1,2,2,2,1,1,3,3,3,2,3,1,1,2,2,1,1,2,1,3,3
243,883852,B,2,3,2,1,3,2,2,2,2,2,3,1,1,3,1,3,2,2,3,3,3
244,88411702,B,2,3,2,1,1,1,2,1,1,1,1,3,3,3,2,3,2,1,2,1,3
245,884180,M,3,1,3,3,2,1,1,2,2,2,2,1,2,2,3,2,2,1,2,1,2
246,884437,B,2,1,2,1,1,1,3,3,3,1,3,1,3,3,1,3,2,3,3,1,3
247,884448,B,3,3,2,3,1,2,3,2,3,1,3,3,2,1,1,3,2,1,2,2,3
248,884626,B,1,2,3,1,2,2,2,1,1,2,3,1,3,2,2,1,1,1,1,2,2
249,88466802,B,3,1,3,1,3,1,2,3,3,1,3,1,1,2,1,3,2,2,2,1,2
250,884689,B,3,2,1,1,3,3,1,2,1,3,1,3,2,2,3,1,2,1,3,1,3
251,884948,M,1,3,2,3,3,3,1,2,3,2,1,3,3,3,2,1,2,3,2,2,2
252,88518501,B,2,1,1,3,3,2,2,3,2,1,2,2,2,1,1,3,2,3,2,1,3
253,885429,M,1,1,3,3,2,1,1,2,2,3,2,1,3,1,1,2,1,3,3,2,3
254,8860702,M,1,3,3,2,2,2,2,1,1,3,3,1,1,2,3,3,3,3,1,2,1
255,886226,M,1,1,2,2,1,3,1,2,2,2,1,2,3,2,2,3,1,1,1,3,3
256,886452,M,1,2,1,2,3,1,1,2,1,3,3,1,2,3,2,2,1,1,2,2,3
257,88649001,M,3,1,1,2,2,1,1,2,1,3,1,3,3,2,3,1,2,3,3,3,3
258,886776,M,3,3,3,1,3,3,2,3,1,1,1,1,2,3,3,2,2,3,2,3,1
259,887181,M,2,3,1,1,2,3,1,1,1,1,3,3,3,2,1,3,1,1,3,3,1
260,88725602,M,2,2,2,2,1,1,2,3,1,2,1,2,3,2,1,3,3,3,3,3,2
261,887549,M,1,2,3,1,3,1,3,1,3,3,2,3,1,3,1,3,2,3,3,3,3
262,888264,M,1,3,2,2,1,3,3,1,3,1,2,2,1,2,1,1,3,3,2,3,3
263,888570,M,3,1,1,1,2,2,3,1,2,3,2,2,2,1,3,1,1,2,1,1,1
264,889403,M,3,1,1,3,3,2,2,3,1,1,1,3,3,1,2,1,1,1,3,1,3
265,889719,M,1,1,2,2,2,2,1,3,3,1,3,2,1,2,3,1,1,3,2,3,3
266,88995002,M,3,3,3,3,3,1,2,3,1,1,2,1,1,2,2,2,1,3,3,3,1
267,8910251,B,1,2,3,2,1,2,1,3,1,3,3,1,2,1,2,1,3,1,3,3,1
268,8910499,B,1,2,1,2,3,2,1,3,2,2,2,2,1,2,1,1,1,1,3,2,3
269,8910506,B,3,3,2,3,3,3,2,1,2,3,3,2,3,1,1,1,2,2,3,3,3
270,8910720,B,1,2,2,1,2,1,3,2,1,2,1,1,1,2,1,2,3,1,3,3,1
271,8910721,B,1,1,1,1,2,3,2,1,2,1,2,3,1,3,2,2,1,1,1,2,1
272,8910748,B,2,1,1,1,3,2,3,2,2,3,3,2,2,1,1,3,2,3,2,2,1
273,8910988,M,2,3,3,3,3,2,1,2,1,3,1,1,3,2,3,3,3,1,3,2,1
274,8910996,B,3,1,1,2,1,1,2,2,1,3,3,3,1,1,1,1,3,1,3,1,2
275,8911163,M,2,2,1,3,3,3,3,1,3,1,3,2,2,3,1,3,2,3,3,3,1
276,8911164,B,2,2,1,2,3,2,2,1,2,2,2,1,3,1,3,3,1,2,3,3,2
277,8911230,B,2,3,1,2,1,2,3,3,2,2,3,2,3,1,2,1,3,1,2,1,3
278,8911670,M,1,3,1,3,1,2,2,2,2,1,1,2,3,3,2,2,2,1,2,2,3
279,8911800,B,3,2,2,2,1,2,2,1,1,1,3,3,3,1,1,2,3,1,3,2,3
280,8911834,B,1,3,2,1,3,3,3,2,1,1,3,1,2,2,3,1,1,3,3,3,1
281,8912049,M,1,1,2,1,1,1,1,1,1,1,2,1,3,1,2,1,3,1,3,1,1
282,8912055,B,3,2,1,3,3,2,1,2,2,1,3,3,3,1,1,3,3,2,3,2,1
283,89122,M,3,3,1,1,3,3,1,1,2,3,1,2,1,1,2,2,1,3,2,1,3
284,8912280,M,2,1,2,1,1,1,1,1,3,3,1,1,1,2,3,1,3,2,3,3,2
285,8912284,B,3,3,3,3,2,1,1,1,2,3,2,1,3,3,2,1,3,3,3,3,1
286,8912521,B,1,1,2,2,2,3,3,2,3,3,3,1,3,2,1,1,1,1,2,2,2
287,8912909,B,1,1,2,1,2,1,2,2,1,1,3,1,1,2,1,3,1,1,3,2,1
288,8913,B,3,3,2,3,3,1,2,3,2,2,1,1,3,1,1,3,1,2,2,1,1
289,8913049,B,3,3,1,1,2,1,3,3,2,1,1,2,3,2,2,2,3,2,3,2,2
290,89143601,B,3,1,2,1,1,2,3,1,3,2,2,3,2,3,1,3,3,3,2,1,1
291,89143602,B,1,1,2,3,2,3,1,2,1,2,3,2,3,2,3,1,3,3,3,2,1
292,8915,B,2,2,1,3,3,3,3,3,2,1,3,1,3,1,1,3,2,2,1,2,2
293,891670,B,2,1,2,3,1,2,3,3,3,2,3,1,3,3,1,3,1,3,2,1,2
294,891703,B,3,1,3,2,3,1,3,2,2,3,1,3,3,2,3,2,3,2,1,1,1
295,891716,B,3,3,1,2,1,2,3,1,2,1,3,3,1,2,2,3,3,1,3,3,3
296,891923,B,1,1,1,2,1,2,2,2,3,1,2,1,3,3,3,2,3,3,3,2,2
297,891936,B,1,2,1,3,2,1,2,3,3,3,1,3,3,1,1,3,3,3,3,2,3
298,892189,M,2,1,3,1,3,3,2,1,1,1,3,1,2,3,3,2,2,2,1,1,1
299,892214,B,3,3,3,2,1,1,2,2,1,1,2,3,1,3,1,1,2,2,3,3,1
300,892399,B,2,2,1,3,1,1,2,2,3,1,3,2,3,2,1,1,1,2,3,1,1
301,892438,M,1,3,2,3,1,1,2,1,3,3,3,2,1,2,2,1,3,3,3,1,1
302,892604,B,2,3,1,1,2,2,2,1,3,3,1,2,1,1,1,1,2,2,2,1,1
303,89263202,M,2,2,3,1,3,1,1,3,2,2,1,3,1,1,1,2,2,2,2,1,1
304,892657,B,1,1,2,2,3,2,3,1,3,2,2,2,2,1,2,3,2,2,2,2,2
305,89296,B,2,2,2,2,3,2,3,3,3,1,3,1,1,1,2,1,1,3,3,3,3
306,893061,B,3,1,1,3,2,3,3,3,1,3,3,1,2,3,2,2,2,2,1,1,2
307,89344,B,1,1,3,3,1,1,3,3,3,2,3,3,2,2,3,1,3,1,3,1,2
308,89346,B,2,3,3,3,3,3,2,1,3,2,2,3,2,2,1,1,1,3,2,1,2
309,893526,B,1,2,2,1,1,2,3,3,2,1,3,2,1,1,2,3,1,3,3,2,2
310,893548,B,3,2,3,1,2,3,2,1,3,1,3,2,1,3,3,1,2,3,1,3,2
311,893783,B,1,3,2,3,1,3,3,3,3,2,3,1,2,1,3,1,2,2,2,2,1
312,89382601,B,1,3,1,3,3,2,2,1,1,3,3,1,3,2,2,1,1,3,3,3,2
313,89382602,B,3,1,3,3,2,3,2,3,1,1,2,1,3,2,1,1,3,3,2,2,2
314,893988,B,3,3,2,1,1,2,3,1,1,1,1,1,1,3,3,3,1,2,1,2,3
315,894047,B,3,2,1,1,1,2,1,3,3,2,2,3,3,2,2,1,2,3,1,3,2
316,894089,B,2,3,3,1,1,1,2,2,2,3,2,2,2,3,2,2,2,2,1,2,1
317,894090,B,3,1,1,1,3,2,1,3,1,1,2,3,3,3,1,3,1,3,1,3,1
318,894326,M,1,2,3,3,2,3,1,3,2,3,1,3,1,1,3,3,1,3,1,2,2
319,894329,B,3,3,2,3,2,1,3,3,3,1,3,3,2,3,3,1,3,1,2,1,2
320,894335,B,2,3,1,2,2,2,2,3,1,2,3,3,3,1,3,1,1,3,2,3,2
321,894604,B,2,1,1,3,1,2,1,1,1,3,2,1,1,3,2,3,1,2,1,2,3
322,894618,M,3,2,3,2,1,1,2,3,2,1,1,2,2,3,1,1,1,1,2,3,3
323,894855,B,1,2,1,3,1,3,2,3,3,2,2,3,1,2,3,3,2,3,3,2,2
324,895100,M,2,3,1,3,1,2,2,2,3,2,3,3,1,3,1,1,3,2,3,3,2
325,89511501,B,3,2,2,3,1,1,2,1,2,2,1,1,3,2,3,2,3,3,3,2,3
326,89511502,B,2,3,1,3,2,3,1,3,2,3,3,3,1,2,2,1,2,3,3,1,3
327,89524,B,1,1,3,3,1,1,1,3,3,1,2,3,2,2,3,3,1,1,3,3,3
328,895299,B,1,3,3,2,1,3,1,2,3,3,3,3,3,3,1,1,3,2,3,1,1
329,8953902,M,2,3,1,2,1,1,3,2,1,3,3,3,2,3,2,1,3,2,1,1,3
330,895633,M,2,3,2,3,3,2,2,1,1,3,3,2,2,1,3,3,1,3,2,3,1
331,896839,M,3,2,2,3,1,3,3,1,3,2,2,2,3,3,1,3,2,1,2,1,2
332,896864,B,3,2,3,3,3,2,2,3,3,1,2,1,2,3,1,1,3,2,2,3,1
333,897132,B,1,3,1,1,1,2,3,2,2,2,3,2,1,2,3,3,2,2,1,3,3
334,897137,B,3,1,1,1,3,1,3,2,3,2,3,3,3,1,2,3,1,1,3,3,3
335,897374,B,2,3,2,2,3,3,2,2,3,1,1,2,2,2,3,2,2,2,3,1,2
336,89742801,M,3,1,2,1,3,1,1,3,1,3,2,1,1,2,2,3,1,1,3,2,2
337,897604,B,2,2,2,1,2,1,2,3,3,2,3,1,1,1,2,1,3,3,1,2,1
338,897630,M,3,2,3,2,3,1,3,1,1,3,1,2,2,2,2,1,1,1,1,1,2
339,897880,B,3,3,3,3,3,1,3,2,1,1,1,1,3,3,2,1,3,2,2,1,2
340,89812,M,3,3,3,2,2,3,2,1,1,2,2,2,2,2,1,1,2,3,3,2,3
341,89813,B,1,2,1,3,1,2,2,3,3,1,2,3,1,3,1,2,2,2,1,2,2
342,898143,B,3,3,3,2,2,3,1,1,2,3,3,1,1,2,3,1,3,2,1,2,1
343,89827,B,2,1,2,1,2,1,2,3,2,3,1,3,2,3,2,2,3,1,2,3,1
344,898431,M,3,3,1,2,2,1,3,2,3,1,3,1,3,3,3,2,3,1,2,3,2
345,89864002,B,1,1,1,1,1,3,1,3,2,3,3,3,1,1,1,1,3,2,1,1,1
346,898677,B,2,3,3,3,3,2,2,1,1,1,1,2,1,1,1,2,2,3,1,1,3
347,898678,B,2,1,2,1,3,2,2,1,1,2,1,1,1,1,2,2,3,1,3,1,2
348,89869,B,1,3,2,2,2,3,3,1,2,3,2,1,3,1,3,3,2,3,1,1,3
349,898690,B,2,2,2,2,3,2,2,3,1,3,2,1,2,3,3,3,2,3,2,2,2
350,899147,B,2,1,3,2,1,3,2,2,3,1,2,2,2,2,3,3,3,2,1,2,2
351,899187,B,2,2,3,3,2,2,2,1,1,2,2,1,3,3,1,2,2,1,3,3,3
352,899667,M,2,3,1,3,1,1,1,1,2,3,2,2,3,2,2,3,3,1,2,3,1
353,899987,M,2,3,2,2,3,1,2,3,2,1,2,2,1,3,3,1,3,3,3,2,1
354,9010018,M,1,1,3,3,3,1,2,1,2,2,3,1,2,3,3,3,1,1,2,3,1
355,901011,B,2,1,1,1,2,3,3,3,1,2,2,3,3,2,1,2,2,2,2,1,3
356,9010258,B,3,1,1,2,1,1,2,2,2,3,1,2,1,3,2,1,1,2,3,2,3
357,9010259,B,1,2,2,2,1,3,3,2,2,2,1,2,3,2,3,2,3,1,2,3,3
358,901028,B,2,3,2,2,3,3,2,1,3,1,2,3,3,3,2,1,3,1,3,3,1
359,9010333,B,2,2,3,2,3,3,3,2,1,2,3,1,3,1,2,1,1,2,3,2,2
360,901034301,B,3,2,3,3,2,1,3,3,1,3,2,2,3,3,3,1,1,1,3,1,1
361,901034302,B,3,3,1,2,2,2,1,2,1,2,2,3,1,1,3,3,2,3,1,3,3
362,901041,B,3,3,1,1,2,1,1,2,1,3,2,3,1,1,1,1,3,1,1,3,2
363,9010598,B,1,3,3,1,3,2,3,2,2,3,2,3,2,2,1,3,2,2,1,1,2
364,9010872,B,3,1,1,3,1,3,3,1,1,1,2,1,2,3,3,1,2,2,3,3,3
365,9010877,B,2,2,1,3,2,1,3,2,2,3,2,3,1,3,2,2,3,2,2,1,3
366,901088,M,3,3,1,3,3,1,2,1,3,1,3,1,1,1,2,2,3,2,1,2,2
367,9011494,M,2,2,3,3,1,2,2,2,1,3,3,2,1,1,2,2,3,3,1,1,2
368,9011495,B,2,1,1,2,2,2,1,2,3,1,2,1,3,3,1,3,3,2,3,2,1
369,9011971,M,3,1,1,2,3,3,1,2,2,1,3,2,3,2,3,1,2,2,3,3,1
370,9012000,M,2,2,1,1,1,1,1,2,1,2,1,3,3,1,3,2,3,1,1,2,2
371,9012315,M,3,3,1,2,2,1,3,3,3,2,1,2,3,2,1,2,3,1,3,1,3
372,9012568,B,3,1,2,1,3,2,3,3,2,1,2,3,3,2,3,2,3,3,2,2,3
373,9012795,M,1,1,3,2,1,2,2,2,2,2,2,2,1,3,2,1,1,3,1,2,2
374,901288,M,3,2,1,2,1,2,3,3,3,3,1,2,3,3,2,1,2,1,3,3,1
375,9013005,B,3,3,1,3,2,2,2,3,2,1,3,3,1,2,2,1,2,3,1,3,2
376,901303,B,2,2,1,3,1,2,3,1,2,2,2,1,1,2,3,1,2,3,1,1,1
377,901315,B,1,1,2,3,2,1,2,1,1,2,1,3,2,3,1,3,2,3,1,1,3
378,9013579,B,2,2,2,2,2,2,3,2,3,2,2,3,2,3,2,2,2,1,1,2,1
379,9013594,B,2,1,3,2,3,1,1,3,2,3,1,1,1,2,2,1,2,3,2,1,2
380,9013838,M,2,1,1,3,1,3,1,3,1,2,2,2,2,2,2,3,2,1,1,2,3
381,901549,B,1,2,1,2,3,2,2,1,1,1,2,2,3,1,2,2,3,2,2,3,2
382,901836,B,3,3,1,1,1,2,2,2,2,1,1,2,3,3,2,2,3,3,2,1,1
383,90250,B,2,3,3,2,2,3,2,2,2,1,3,2,2,3,3,3,3,1,1,2,1
384,90251,B,2,3,1,2,2,1,2,1,3,3,1,2,1,2,2,3,1,2,3,3,2
385,902727,B,3,1,1,1,3,1,2,2,2,3,2,2,1,1,1,3,3,1,3,3,1
386,90291,M,3,1,3,2,3,3,2,1,2,2,3,1,2,3,2,3,1,3,1,1,1
387,902975,B,2,2,1,3,2,2,1,2,2,1,3,2,1,3,3,2,2,2,2,1,2
388,902976,B,3,2,2,3,1,2,3,1,2,2,2,2,3,2,2,3,3,3,1,3,1
389,903011,B,3,3,1,1,3,2,3,2,1,3,2,3,2,2,3,3,1,2,3,1,1
390,90312,M,2,2,2,2,2,3,1,3,1,2,1,1,1,1,2,1,3,3,2,2,3
391,90317302,B,1,3,2,2,1,2,3,2,3,2,2,2,3,2,3,3,3,3,1,2,2
392,903483,B,1,2,2,2,3,2,2,3,1,3,3,2,2,2,3,1,1,2,2,1,1
393,903507,M,1,3,3,1,1,2,1,2,1,1,1,3,1,1,2,1,3,2,3,3,1
394,903516,M,1,2,3,3,3,1,3,1,2,1,1,1,1,3,1,3,1,2,2,2,2
395,903554,B,2,1,2,1,1,3,1,2,3,3,3,2,1,2,3,2,2,2,2,2,1
396,903811,B,3,2,1,3,3,1,1,1,2,2,1,3,1,2,1,3,3,2,1,2,1
397,90401601,B,1,2,2,1,2,1,1,2,2,3,3,1,2,2,2,2,2,3,3,1,3
398,90401602,B,3,1,2,1,1,1,3,2,2,1,2,1,2,1,3,2,3,3,3,2,2
399,904302,B,1,3,1,2,1,1,1,2,1,2,1,1,3,1,3,3,3,3,2,3,1
400,904357,B,2,2,3,3,2,2,1,2,2,2,1,3,1,3,1,2,2,1,1,2,3
401,90439701,M,1,3,2,2,3,3,2,1,1,2,3,1,2,3,1,3,1,1,1,3,2
402,904647,B,2,3,2,2,1,3,3,2,2,1,1,1,1,3,2,1,2,3,1,2,1
403,904689,B,3,2,1,3,3,1,2,1,1,2,3,1,3,1,3,2,3,2,3,1,1
404,9047,B,1,2,1,3,2,1,3,1,1,1,1,3,3,2,3,3,1,2,3,3,3
405,904969,B,2,1,3,2,1,3,1,1,2,1,1,1,3,3,1,3,3,3,3,1,3
406,904971,B,2,3,1,1,3,2,3,1,3,1,1,1,2,2,3,1,3,1,3,2,3
407,905189,B,1,2,2,3,2,2,2,2,1,3,3,2,3,3,1,1,2,2,3,3,3
408,905190,B,3,1,1,1,3,3,3,3,2,3,1,1,3,2,1,3,1,2,2,1,3
409,90524101,M,2,1,3,3,2,3,2,1,3,1,3,2,2,2,3,2,1,1,1,3,2
410,905501,B,2,2,1,2,3,1,2,3,1,2,3,2,1,1,3,1,3,3,1,2,1
411,905502,B,3,1,3,3,3,2,2,1,3,2,1,1,3,2,3,1,2,1,1,3,1
412,905520,B,3,3,3,3,1,2,2,2,1,2,3,3,3,3,2,3,3,3,3,3,3
413,905539,B,1,2,2,2,1,1,1,3,3,2,1,3,1,2,1,2,1,3,2,3,3
414,905557,B,3,3,1,3,1,1,1,3,3,1,3,3,1,3,1,3,2,2,1,2,1
415,905680,M,3,1,3,1,2,3,1,3,1,3,3,2,2,2,1,3,2,3,2,1,3
416,905686,B,1,1,1,1,1,2,1,3,2,3,1,2,1,1,3,1,3,3,2,2,1
417,905978,B,3,1,1,1,3,3,1,1,3,2,1,3,2,1,3,3,2,3,1,2,2
418,90602302,M,2,3,3,1,2,1,1,2,3,1,1,1,2,1,3,2,2,1,1,3,2
419,906024,B,1,3,3,2,1,3,3,2,3,2,2,1,1,1,3,3,1,1,2,2,1
420,906290,B,1,3,1,2,2,3,2,1,1,1,2,1,3,2,3,1,1,1,3,2,1
421,906539,B,3,2,2,1,1,1,2,1,2,2,2,2,3,2,2,1,2,1,2,3,3
422,906564,B,3,2,2,2,2,1,3,3,3,3,1,2,3,1,2,1,1,3,2,3,2
423,906616,B,3,3,3,1,3,2,1,2,3,1,3,1,3,3,2,1,3,3,1,3,2
424,906878,B,1,2,1,2,2,2,3,1,3,1,2,1,1,3,2,3,3,3,1,2,1
425,907145,B,2,1,1,2,1,1,3,2,2,3,2,3,2,2,1,1,1,1,2,1,3
426,907367,B,2,3,3,1,2,1,3,3,3,1,1,1,3,1,1,2,2,3,2,3,1
427,907409,B,3,2,1,3,1,3,1,1,2,3,3,1,2,3,1,2,1,3,2,1,2
428,90745,B,1,3,2,1,1,3,3,2,2,2,3,2,3,2,2,3,2,2,3,2,1
429,90769601,B,3,3,3,1,1,1,1,2,1,2,3,1,1,3,2,2,3,3,1,3,2
430,90769602,B,2,2,3,3,3,2,3,2,3,2,1,2,2,2,1,2,3,2,3,1,2
431,907914,M,2,2,1,2,2,1,3,3,2,1,1,2,2,2,2,2,3,3,1,3,1
432,907915,B,3,2,2,1,1,2,3,2,1,3,3,1,2,2,3,1,2,2,2,3,3
433,908194,M,1,1,2,2,2,3,3,3,2,2,2,1,2,1,2,1,3,1,3,2,2
434,908445,M,2,2,3,3,1,1,1,2,3,1,2,1,3,1,1,1,2,3,3,2,3
435,908469,B,2,3,2,3,3,2,1,2,1,2,3,1,1,3,1,3,2,2,2,2,2
436,908489,M,2,2,3,1,3,2,2,3,1,3,1,3,3,1,2,2,3,3,3,2,2
437,908916,B,3,2,3,3,2,3,1,1,3,3,2,3,1,3,2,3,3,3,2,2,2
438,909220,B,3,2,3,3,2,2,3,1,1,1,2,1,3,3,2,3,3,3,1,2,3
439,909231,B,2,3,1,1,1,2,2,1,3,1,1,2,1,1,2,2,2,2,1,3,1
440,909410,B,2,2,3,2,1,3,3,3,1,1,3,2,3,2,1,2,1,3,2,1,2
441,909411,B,2,3,2,2,1,3,3,2,1,2,2,3,1,3,3,1,1,3,3,1,2
442,909445,M,3,1,2,3,3,2,3,1,2,2,3,3,1,3,2,3,3,3,3,1,3
443,90944601,B,2,3,1,2,3,3,2,3,1,1,3,2,1,1,3,1,1,1,1,1,2
444,909777,B,1,3,2,2,3,3,1,3,3,2,1,1,2,2,1,3,1,3,1,1,2
445,9110127,M,1,2,3,1,1,2,1,1,2,3,3,2,3,3,2,2,3,1,1,1,3
446,9110720,B,1,3,1,3,1,1,3,1,2,2,2,3,2,3,1,1,1,1,3,1,1
447,9110732,M,3,3,2,2,2,2,1,3,1,3,1,3,1,1,1,2,1,3,2,2,1
448,9110944,B,2,3,2,3,1,1,3,3,1,2,2,1,3,3,3,3,1,3,3,1,1
449,911150,B,3,2,3,3,3,2,2,1,1,1,3,1,2,2,1,1,3,3,1,2,3
450,911157302,M,3,3,2,1,1,1,1,1,2,2,2,2,2,1,2,2,1,1,3,3,2
451,9111596,B,1,2,3,3,1,1,1,2,2,3,2,2,2,2,2,1,3,2,3,3,3
452,9111805,M,2,3,1,3,1,3,1,2,1,3,2,3,2,2,2,1,3,3,3,2,2
453,9111843,B,1,2,2,2,2,3,3,2,1,3,1,2,3,2,3,1,1,1,3,3,3
454,911201,B,3,1,2,3,3,3,2,1,1,1,3,3,1,2,1,2,2,3,2,2,2
455,911202,B,1,2,2,1,3,2,1,2,1,2,3,2,1,2,3,3,3,1,1,2,1
456,9112085,B,1,3,1,1,2,2,3,2,1,1,1,2,1,3,3,1,2,1,2,3,3
457,9112366,B,3,2,2,3,1,1,3,2,2,1,1,3,2,2,3,3,3,2,3,3,3
458,9112367,B,3,1,2,1,1,2,1,2,2,1,3,1,1,3,1,1,2,2,2,1,3
459,9112594,B,2,2,2,1,2,2,3,3,3,3,3,1,1,2,3,3,1,2,1,2,1
460,9112712,B,1,1,3,1,2,2,3,2,1,2,1,2,2,1,3,3,1,1,2,3,3
461,911296201,M,3,1,1,2,1,2,1,1,1,3,1,3,2,3,2,2,2,3,1,1,2
462,911296202,M,3,1,1,2,1,3,1,1,3,1,1,1,2,2,3,1,2,1,2,2,3
463,9113156,B,1,2,1,2,3,1,3,3,3,1,3,1,3,1,3,2,3,1,2,1,2
464,911320501,B,3,1,1,3,1,2,1,2,2,1,2,1,2,2,2,3,2,2,3,1,2
465,911320502,B,2,2,3,2,1,3,2,2,1,1,3,1,2,3,1,3,1,2,2,1,2
466,9113239,B,3,3,2,2,3,3,2,3,3,1,3,2,1,2,1,1,3,1,1,2,3
467,9113455,B,3,3,1,1,1,1,1,1,1,2,3,2,3,3,3,3,1,3,2,2,2
468,9113514,B,3,2,3,2,3,3,1,3,2,1,2,3,1,2,2,2,3,1,3,2,2
469,9113538,M,2,1,2,3,1,1,1,3,1,3,2,3,3,3,1,3,2,2,1,1,1
470,911366,B,1,1,3,3,2,2,1,1,1,3,2,1,1,2,3,1,2,1,3,2,1
471,9113778,B,3,3,3,3,2,3,3,2,1,2,2,3,3,3,1,2,2,3,1,3,3
472,9113816,B,2,2,2,3,3,3,3,3,2,1,1,2,1,1,2,2,1,2,1,3,1
473,911384,B,2,3,2,2,3,2,2,3,1,1,3,1,1,3,3,1,1,2,1,3,1
474,9113846,B,2,2,1,2,2,3,2,2,3,3,1,3,2,2,1,2,3,2,1,2,3
475,911391,B,3,3,2,3,2,2,3,3,2,3,2,3,1,2,3,1,2,3,2,2,1
476,911408,B,3,1,2,2,1,3,2,3,2,2,1,2,3,2,2,1,1,3,2,1,2
477,911654,B,2,2,1,2,1,3,1,2,3,1,1,2,3,3,1,1,3,1,3,2,2
478,911673,B,1,3,3,3,3,1,2,1,1,3,2,1,1,3,2,1,1,3,1,3,2
479,911685,B,1,3,2,2,1,2,2,3,3,1,3,2,1,1,3,1,1,1,1,1,1
480,911916,M,1,1,3,2,2,2,1,2,3,1,2,1,3,1,3,2,2,2,3,1,3
481,912193,B,3,2,2,3,3,1,3,2,2,1,1,3,1,2,2,3,3,1,3,1,2
482,91227,B,3,1,1,3,2,2,1,2,1,3,1,3,2,3,2,1,3,1,3,1,2
483,912519,B,2,3,2,3,3,1,3,1,3,1,1,1,3,1,1,1,1,3,3,2,2
484,912558,B,3,3,2,3,1,3,3,3,2,3,2,1,1,2,2,1,2,3,2,2,2
485,912600,B,1,3,2,2,3,3,1,2,1,3,2,1,2,2,3,2,1,3,2,2,3
486,913063,B,2,1,3,1,2,2,1,2,3,3,3,2,2,2,1,3,1,1,1,2,1
487,913102,B,2,3,3,1,1,3,3,2,2,1,1,2,1,2,1,2,3,3,2,3,1
488,913505,M,3,2,2,1,1,3,3,3,1,1,2,2,2,1,3,1,1,3,3,2,2
489,913512,B,2,2,2,3,2,1,3,3,2,2,1,3,2,3,1,3,3,3,2,3,2
490,913535,M,2,2,2,2,2,1,3,1,2,1,2,3,1,2,3,2,2,3,2,2,1
491,91376701,B,1,2,1,2,3,1,1,1,1,1,1,3,1,2,1,2,1,1,2,2,2
492,91376702,B,1,3,1,1,3,3,1,3,1,1,1,2,3,1,2,1,2,3,1,1,1
493,914062,M,3,3,3,3,3,3,3,3,1,1,2,3,3,1,1,2,1,3,1,1,2
494,914101,B,1,3,2,2,1,1,1,3,1,2,2,3,3,2,2,1,1,3,2,1,3
495,914102,B,2,2,1,2,3,3,2,1,3,3,1,3,3,1,3,3,2,1,2,3,3
496,914333,B,3,2,1,1,1,3,1,2,2,2,3,3,2,1,2,1,1,2,2,1,3
497,914366,B,1,3,2,2,1,1,3,3,2,1,1,1,3,1,2,3,3,2,1,1,2
498,914580,B,2,2,3,3,1,3,1,3,2,3,2,1,3,3,1,3,1,2,1,1,2
499,914769,M,3,2,3,3,1,3,2,2,1,3,2,1,3,2,3,2,1,2,3,3,3
500,91485,M,1,1,3,1,2,3,3,3,2,3,1,2,3,2,3,1,2,1,1,3,1
501,914862,B,2,1,3,1,2,1,1,1,3,1,1,2,2,2,1,2,2,3,3,1,2
502,91504,M,2,3,2,2,1,1,3,1,1,1,3,3,1,2,2,1,2,2,3,1,1
503,91505,B,2,3,3,3,2,2,2,2,1,2,3,1,2,2,3,3,3,3,3,3,3
504,915143,M,3,1,2,3,1,1,1,3,2,1,1,3,2,2,3,1,3,2,2,2,1
505,915186,B,2,2,3,2,2,1,2,1,3,2,2,2,2,3,3,1,2,3,1,2,2
506,915276,B,3,3,2,3,2,1,1,1,3,3,1,1,1,3,1,1,2,1,1,1,3
507,91544001,B,1,2,3,3,3,1,1,1,3,2,3,3,1,1,3,1,3,2,1,1,1
508,91544002,B,1,3,1,2,1,1,2,1,2,3,1,1,2,1,3,1,3,1,1,1,3
509,915452,B,1,1,3,1,2,1,3,3,2,3,2,3,2,3,1,2,1,1,2,2,1
510,915460,M,2,1,1,3,1,2,3,2,1,2,2,1,3,2,2,2,1,3,3,3,2
511,91550,B,3,1,2,1,1,2,1,3,3,3,2,1,2,1,1,3,3,2,3,3,1
512,915664,B,2,1,3,2,1,3,1,2,1,3,3,2,3,2,1,2,2,1,1,3,3
513,915691,M,1,2,1,1,2,1,2,2,1,1,2,3,2,1,2,3,1,3,2,3,3
514,915940,B,1,3,2,3,2,1,2,1,3,3,3,1,3,3,3,3,2,2,3,2,1
515,91594602,M,3,1,3,1,3,2,3,3,2,2,1,1,3,1,3,3,1,2,2,1,3
516,916221,B,2,1,3,2,3,3,2,2,1,1,3,3,2,1,1,2,2,2,3,2,3
517,916799,M,1,2,1,2,1,1,3,1,1,3,1,1,1,2,2,3,1,3,1,2,3
518,916838,M,3,2,2,3,2,1,1,3,2,1,1,1,1,1,3,2,1,3,2,3,3
519,917062,B,1,2,2,1,2,2,1,1,1,2,1,2,1,3,1,2,3,2,1,2,1
520,917080,B,2,1,3,1,1,3,3,2,1,2,3,2,2,3,1,3,2,2,3,2,1
521,917092,B,3,3,2,2,1,2,1,1,3,3,2,1,3,1,2,2,1,1,2,2,3
522,91762702,M,3,2,1,1,2,2,1,3,3,1,2,3,1,3,2,2,3,1,2,2,3
523,91789,B,2,3,3,1,1,3,3,3,3,3,2,1,3,1,2,2,2,2,2,3,2
524,917896,B,2,1,1,2,3,3,2,3,1,3,1,1,3,2,2,1,1,2,2,2,2
525,917897,B,1,2,3,1,1,3,2,2,2,1,2,2,3,2,3,3,3,3,3,1,2
526,91805,B,1,2,2,3,3,2,2,2,2,1,2,2,3,3,2,1,2,1,2,3,2
527,91813701,B,3,3,3,2,1,1,1,1,2,2,1,1,3,2,3,2,1,3,3,2,3
528,91813702,B,2,3,2,1,3,3,1,2,1,2,2,2,2,2,1,2,3,3,2,3,3
529,918192,B,2,3,2,1,2,1,2,1,1,1,3,2,3,3,1,2,2,2,2,1,1
530,918465,B,2,1,2,2,3,1,2,3,2,1,1,2,1,2,3,3,2,2,2,3,2
531,91858,B,3,1,2,3,2,1,2,3,1,2,2,1,2,1,2,2,1,3,3,3,1
532,91903901,B,2,2,2,2,3,2,1,2,1,1,1,1,2,1,2,1,1,2,3,2,3
533,91903902,B,2,3,2,3,1,1,2,3,1,2,2,3,2,3,2,1,1,2,2,3,3
534,91930402,M,1,2,3,1,2,2,2,2,2,2,1,1,2,1,2,1,3,3,2,2,2
535,919537,B,3,2,1,2,3,3,2,1,1,1,3,2,3,2,1,1,2,2,2,1,3
536,919555,M,1,1,3,1,3,2,1,3,1,2,2,2,2,1,3,3,1,1,3,2,1
537,91979701,M,2,2,3,1,3,3,2,3,1,2,2,1,3,1,1,1,3,1,3,2,1
538,919812,B,3,3,3,3,1,2,2,1,2,2,1,3,1,2,3,3,3,1,2,2,2
539,921092,B,3,3,3,2,1,3,2,1,1,2,2,1,3,2,2,3,2,2,1,2,2
540,921362,B,3,2,3,1,1,2,3,3,3,2,3,1,2,2,3,1,2,2,1,3,3
541,921385,B,2,3,3,1,1,2,3,3,2,3,2,3,1,3,3,3,3,3,2,3,1
542,921386,B,2,1,2,2,3,3,1,2,1,2,2,3,3,3,1,2,2,2,1,3,1
543,921644,B,1,1,1,3,2,3,3,3,3,1,3,2,3,3,3,1,1,2,3,2,3
544,922296,B,3,1,2,3,3,1,1,1,3,3,1,3,1,1,3,3,3,2,3,2,3
545,922297,B,1,2,3,1,1,1,1,3,1,2,1,3,3,3,2,2,3,1,3,3,2
546,922576,B,2,2,3,2,1,2,3,3,1,3,1,1,2,1,1,1,1,2,2,1,1
547,922577,B,1,2,1,2,2,3,1,1,3,2,3,1,1,1,1,3,3,2,3,2,2
548,922840,B,3,3,3,3,2,1,2,1,2,1,2,1,2,3,2,3,1,1,3,3,3
549,923169,B,2,2,2,1,1,1,2,1,2,2,2,1,2,1,2,2,3,3,3,1,2
550,923465,B,1,3,3,2,3,1,3,3,1,3,1,1,2,3,1,3,3,3,2,2,3
551,923748,B,1,2,1,3,2,1,2,3,3,1,3,1,1,3,2,2,3,3,2,3,1
552,923780,B,3,2,3,2,3,1,3,2,1,1,3,1,1,2,1,2,3,1,1,2,1
553,924084,B,1,2,1,2,2,1,3,2,2,3,1,1,3,2,2,3,1,2,2,3,3
554,924342,B,2,2,3,2,3,3,3,1,2,2,1,3,2,2,3,2,3,1,3,1,1
555,924632,B,3,3,3,2,2,2,1,1,1,3,1,3,1,2,2,2,1,1,3,3,2
556,924934,B,1,1,1,2,2,1,3,2,1,1,2,2,1,2,1,2,2,3,1,1,1
557,924964,B,2,2,3,2,2,2,2,3,1,3,3,2,2,1,3,1,2,3,2,1,2
558,925236,B,1,2,2,3,1,1,3,2,1,2,2,3,3,3,2,3,2,1,3,1,2
559,925277,B,1,3,3,3,3,2,3,3,2,3,1,3,2,1,3,3,1,3,1,1,2
560,925291,B,3,2,3,2,1,3,1,3,3,3,2,1,1,3,3,2,1,2,1,2,1
561,925292,B,3,1,3,2,2,1,1,2,2,3,1,1,1,3,2,1,2,3,2,2,3
562,925311,B,2,3,1,3,3,2,1,3,3,1,1,1,3,3,1,3,2,2,2,2,3
563,925622,M,1,3,2,3,3,1,2,2,3,3,2,3,3,3,2,3,1,2,2,3,3
564,926125,M,1,1,3,1,2,3,1,3,1,3,2,1,1,1,2,2,2,3,1,2,3
565,926424,M,2,2,1,2,3,3,1,2,2,2,2,1,1,2,3,2,1,2,1,3,2
566,926682,M,1,2,2,3,2,2,1,2,3,3,2,1,3,1,3,1,3,1,2,1,2
567,926954,M,3,3,3,1,2,2,3,2,1,2,1,1,2,2,1,2,2,2,3,1,2
568,927241,M,2,3,3,3,3,1,3,2,3,2,2,2,1,2,3,2,2,2,1,2,1
569,92751,B,2,1,1,1,2,1,2,1,3,3,1,3,3,2,2,1,3,3,3,1,1
